0,0.123,0,0.18,0.022084,0.17864,-0.3,2.6367,0.08
0.0005,0.123,0.0033419,0.17985,0.022066,0.17849,-0.3,2.6367,0.08
0.001,0.123,0.0066811,0.1797,0.022048,0.17834,-0.3,2.6367,0.08
0.0015,0.12301,0.010018,0.17955,0.02203,0.17819,-0.3,2.6367,0.08
0.002,0.12301,0.013351,0.1794,0.022013,0.17804,-0.3,2.6367,0.08
0.0025,0.12302,0.016683,0.17925,0.021996,0.1779,-0.3,2.6367,0.08
0.003,0.12303,0.020011,0.1791,0.021979,0.17775,-0.3,2.6367,0.08
0.0035,0.12304,0.023337,0.17895,0.021963,0.1776,-0.3,2.6367,0.08
0.004,0.12305,0.026661,0.1788,0.021946,0.17745,-0.3,2.6367,0.08
0.0045,0.12307,0.029982,0.17865,0.021931,0.1773,-0.3,2.6367,0.08
0.005,0.12308,0.033301,0.1785,0.021915,0.17715,-0.3,2.6367,0.08
0.0055,0.1231,0.036618,0.17835,0.0219,0.177,-0.3,2.6367,0.08
0.006,0.12312,0.039932,0.1782,0.021885,0.17685,-0.3,2.6367,0.08
0.0065,0.12314,0.043244,0.17805,0.02187,0.1767,-0.3,2.6367,0.08
0.007,0.12316,0.046554,0.1779,0.021855,0.17655,-0.3,2.6367,0.08
0.0075,0.12319,0.049862,0.17775,0.021841,0.1764,-0.3,2.6367,0.08
0.008,0.12321,0.053167,0.1776,0.021827,0.17625,-0.3,2.6367,0.08
0.0085,0.12324,0.056471,0.17745,0.021814,0.1761,-0.3,2.6367,0.08
0.009,0.12327,0.059772,0.1773,0.0218,0.17595,-0.3,2.6367,0.08
0.0095,0.1233,0.063072,0.17715,0.021787,0.17581,-0.3,2.6367,0.08
0.01,0.12333,0.066369,0.177,0.021775,0.17566,-0.3,2.6367,0.08
0.0105,0.12337,0.069665,0.17685,0.021762,0.17551,-0.3,2.6367,0.08
0.011,0.1234,0.072959,0.1767,0.02175,0.17536,-0.3,2.6367,0.08
0.0115,0.12344,0.076251,0.17655,0.021738,0.17521,-0.3,2.6367,0.08
0.012,0.12348,0.079541,0.1764,0.021726,0.17506,-0.3,2.6367,0.08
0.0125,0.12352,0.08283,0.17625,0.021715,0.17491,-0.3,2.6367,0.08
0.013,0.12356,0.086117,0.1761,0.021704,0.17476,-0.3,2.6367,0.08
0.0135,0.12361,0.089402,0.17595,0.021693,0.17461,-0.3,2.6367,0.08
0.014,0.12365,0.092686,0.1758,0.021682,0.17446,-0.3,2.6367,0.08
0.0145,0.1237,0.095968,0.17565,0.021672,0.17431,-0.3,2.6367,0.08
0.015,0.12375,0.099249,0.1755,0.021662,0.17416,-0.3,2.6367,0.08
0.0155,0.1238,0.10253,0.17535,0.021652,0.17401,-0.3,2.6367,0.08
0.016,0.12385,0.10581,0.1752,0.021643,0.17386,-0.3,2.6367,0.08
0.0165,0.1239,0.10908,0.17505,0.021634,0.17371,-0.3,2.6367,0.08
0.017,0.12396,0.11236,0.1749,0.021625,0.17356,-0.3,2.6367,0.08
0.0175,0.12402,0.11563,0.17475,0.021616,0.17341,-0.3,2.6367,0.08
0.018,0.12407,0.11891,0.1746,0.021608,0.17326,-0.3,2.6367,0.08
0.0185,0.12413,0.12218,0.17445,0.0216,0.17311,-0.3,2.6367,0.08
0.019,0.1242,0.12545,0.1743,0.021592,0.17296,-0.3,2.6367,0.08
0.0195,0.12426,0.12872,0.17415,0.021584,0.17281,-0.3,2.6367,0.08
0.02,0.12432,0.13199,0.174,0.021577,0.17266,-0.3,2.6367,0.08
0.0205,0.12439,0.13525,0.17385,0.02157,0.17251,-0.3,2.6367,0.08
0.021,0.12446,0.13852,0.1737,0.021563,0.17236,-0.3,2.6367,0.08
0.0215,0.12453,0.14179,0.17355,0.021556,0.17221,-0.3,2.6367,0.08
0.022,0.1246,0.14505,0.1734,0.02155,0.17206,-0.3,2.6367,0.08
0.0225,0.12468,0.14832,0.17325,0.021544,0.17191,-0.3,2.6367,0.08
0.023,0.12475,0.15158,0.1731,0.021538,0.17175,-0.3,2.6367,0.08
0.0235,0.12483,0.15484,0.17295,0.021533,0.1716,-0.3,2.6367,0.08
0.024,0.12491,0.1581,0.1728,0.021528,0.17145,-0.3,2.6367,0.08
0.0245,0.12498,0.16137,0.17265,0.021523,0.1713,-0.3,2.6367,0.08
0.025,0.12507,0.16463,0.1725,0.021518,0.17115,-0.3,2.6367,0.08
0.0255,0.12515,0.16789,0.17235,0.021513,0.171,-0.3,2.6367,0.08
0.026,0.12523,0.17115,0.1722,0.021509,0.17085,-0.3,2.6367,0.08
0.0265,0.12532,0.17441,0.17205,0.021505,0.1707,-0.3,2.6367,0.08
0.027,0.12541,0.17767,0.1719,0.021501,0.17055,-0.3,2.6367,0.08
0.0275,0.1255,0.18092,0.17175,0.021498,0.1704,-0.3,2.6367,0.08
0.028,0.12559,0.18418,0.1716,0.021495,0.17025,-0.3,2.6367,0.08
0.0285,0.12568,0.18744,0.17145,0.021492,0.1701,-0.3,2.6367,0.08
0.029,0.12578,0.1907,0.1713,0.021489,0.16995,-0.3,2.6367,0.08
0.0295,0.12587,0.19396,0.17115,0.021486,0.1698,-0.3,2.6367,0.08
0.03,0.12597,0.19721,0.171,0.021484,0.16965,-0.3,2.6367,0.08
0.0305,0.12607,0.20047,0.17085,0.021482,0.16949,-0.3,2.6367,0.08
0.031,0.12617,0.20373,0.1707,0.02148,0.16934,-0.3,2.6367,0.08
0.0315,0.12627,0.20699,0.17055,0.021479,0.16919,-0.3,2.6367,0.08
0.032,0.12638,0.21025,0.1704,0.021478,0.16904,-0.3,2.6367,0.08
0.0325,0.12648,0.2135,0.17025,0.021477,0.16889,-0.3,2.6367,0.08
0.033,0.12659,0.21676,0.1701,0.021476,0.16874,-0.3,2.6367,0.08
0.0335,0.1267,0.22002,0.16995,0.021475,0.16859,-0.3,2.6367,0.08
0.034,0.12681,0.22328,0.1698,0.021475,0.16844,-0.3,2.6367,0.08
0.0345,0.12692,0.22654,0.16965,0.021475,0.16829,-0.3,2.6367,0.08
0.035,0.12704,0.2298,0.1695,0.021475,0.16813,-0.3,2.6367,0.08
0.0355,0.12715,0.23306,0.16935,0.021476,0.16798,-0.3,2.6367,0.08
0.036,0.12727,0.23632,0.1692,0.021476,0.16783,-0.3,2.6367,0.08
0.0365,0.12739,0.23958,0.16905,0.021477,0.16768,-0.3,2.6367,0.08
0.037,0.12751,0.24284,0.1689,0.021478,0.16753,-0.3,2.6367,0.08
0.0375,0.12763,0.2461,0.16875,0.02148,0.16738,-0.3,2.6367,0.08
0.038,0.12776,0.24937,0.1686,0.021481,0.16723,-0.3,2.6367,0.08
0.0385,0.12788,0.25263,0.16845,0.021483,0.16707,-0.3,2.6367,0.08
0.039,0.12801,0.25589,0.1683,0.021485,0.16692,-0.3,2.6367,0.08
0.0395,0.12814,0.25916,0.16815,0.021488,0.16677,-0.3,2.6367,0.08
0.04,0.12827,0.26242,0.168,0.02149,0.16662,-0.3,2.6367,0.08
0.0405,0.1284,0.26569,0.16785,0.021493,0.16647,-0.3,2.6367,0.08
0.041,0.12853,0.26896,0.1677,0.021496,0.16632,-0.3,2.6367,0.08
0.0415,0.12867,0.27223,0.16755,0.021499,0.16616,-0.3,2.6367,0.08
0.042,0.12881,0.2755,0.1674,0.021503,0.16601,-0.3,2.6367,0.08
0.0425,0.12895,0.27877,0.16725,0.021506,0.16586,-0.3,2.6367,0.08
0.043,0.12909,0.28204,0.1671,0.02151,0.16571,-0.3,2.6367,0.08
0.0435,0.12923,0.28531,0.16695,0.021515,0.16556,-0.3,2.6367,0.08
0.044,0.12937,0.28858,0.1668,0.021519,0.16541,-0.3,2.6367,0.08
0.0445,0.12952,0.29186,0.16665,0.021524,0.16525,-0.3,2.6367,0.08
0.045,0.12966,0.29514,0.1665,0.021528,0.1651,-0.3,2.6367,0.08
0.0455,0.12981,0.29841,0.16635,0.021534,0.16495,-0.3,2.6367,0.08
0.046,0.12996,0.30169,0.1662,0.021539,0.1648,-0.3,2.6367,0.08
0.0465,0.13011,0.30497,0.16605,0.021544,0.16465,-0.3,2.6367,0.08
0.047,0.13027,0.30826,0.1659,0.02155,0.16449,-0.3,2.6367,0.08
0.0475,0.13042,0.31154,0.16575,0.021556,0.16434,-0.3,2.6367,0.08
0.048,0.13058,0.31483,0.1656,0.021562,0.16419,-0.3,2.6367,0.08
0.0485,0.13074,0.31811,0.16545,0.021569,0.16404,-0.3,2.6367,0.08
0.049,0.1309,0.3214,0.1653,0.021575,0.16389,-0.3,2.6367,0.08
0.0495,0.13106,0.32469,0.16515,0.021582,0.16373,-0.3,2.6367,0.08
0.05,0.13122,0.32799,0.165,0.021589,0.16358,-0.3,2.6367,0.08
0.0505,0.13139,0.33128,0.16485,0.021597,0.16343,-0.3,2.6367,0.08
0.051,0.13155,0.33458,0.1647,0.021604,0.16328,-0.3,2.6367,0.08
0.0515,0.13172,0.33787,0.16455,0.021612,0.16312,-0.3,2.6367,0.08
0.052,0.13189,0.34117,0.1644,0.02162,0.16297,-0.3,2.6367,0.08
0.0525,0.13206,0.34448,0.16425,0.021628,0.16282,-0.3,2.6367,0.08
0.053,0.13223,0.34778,0.1641,0.021636,0.16267,-0.3,2.6367,0.08
0.0535,0.13241,0.35109,0.16395,0.021645,0.16251,-0.3,2.6367,0.08
0.054,0.13259,0.3544,0.1638,0.021654,0.16236,-0.3,2.6367,0.08
0.0545,0.13276,0.35771,0.16365,0.021663,0.16221,-0.3,2.6367,0.08
0.055,0.13294,0.36102,0.1635,0.021672,0.16206,-0.3,2.6367,0.08
0.0555,0.13312,0.36433,0.16335,0.021682,0.1619,-0.3,2.6367,0.08
0.056,0.13331,0.36765,0.1632,0.021691,0.16175,-0.3,2.6367,0.08
0.0565,0.13349,0.37097,0.16305,0.021701,0.1616,-0.3,2.6367,0.08
0.057,0.13368,0.37429,0.1629,0.021711,0.16145,-0.3,2.6367,0.08
0.0575,0.13387,0.37762,0.16275,0.021722,0.16129,-0.3,2.6367,0.08
0.058,0.13406,0.38095,0.1626,0.021732,0.16114,-0.3,2.6367,0.08
0.0585,0.13425,0.38428,0.16245,0.021743,0.16099,-0.3,2.6367,0.08
0.059,0.13444,0.38761,0.1623,0.021754,0.16084,-0.3,2.6367,0.08
0.0595,0.13463,0.39095,0.16215,0.021765,0.16068,-0.3,2.6367,0.08
0.06,0.13483,0.39428,0.162,0.021777,0.16053,-0.3,2.6367,0.08
0.0605,0.13503,0.39763,0.16185,0.021788,0.16038,-0.3,2.6367,0.08
0.061,0.13523,0.40097,0.1617,0.0218,0.16022,-0.3,2.6367,0.08
0.0615,0.13543,0.40432,0.16155,0.021812,0.16007,-0.3,2.6367,0.08
0.062,0.13563,0.40767,0.1614,0.021824,0.15992,-0.3,2.6367,0.08
0.0625,0.13584,0.41102,0.16125,0.021837,0.15976,-0.3,2.6367,0.08
0.063,0.13604,0.41438,0.1611,0.021849,0.15961,-0.3,2.6367,0.08
0.0635,0.13625,0.41774,0.16095,0.021862,0.15946,-0.3,2.6367,0.08
0.064,0.13646,0.4211,0.1608,0.021875,0.15931,-0.3,2.6367,0.08
0.0645,0.13667,0.42446,0.16065,0.021888,0.15915,-0.3,2.6367,0.08
0.065,0.13689,0.42783,0.1605,0.021902,0.159,-0.3,2.6367,0.08
0.0655,0.1371,0.43121,0.16035,0.021915,0.15885,-0.3,2.6367,0.08
0.066,0.13732,0.43458,0.1602,0.021929,0.15869,-0.3,2.6367,0.08
0.0665,0.13754,0.43796,0.16005,0.021943,0.15854,-0.3,2.6367,0.08
0.067,0.13776,0.44134,0.1599,0.021958,0.15839,-0.3,2.6367,0.08
0.0675,0.13798,0.44473,0.15975,0.021972,0.15823,-0.3,2.6367,0.08
0.068,0.1382,0.44812,0.1596,0.021987,0.15808,-0.3,2.6367,0.08
0.0685,0.13843,0.45151,0.15945,0.022001,0.15792,-0.3,2.6367,0.08
0.069,0.13865,0.45491,0.1593,0.022017,0.15777,-0.3,2.6367,0.08
0.0695,0.13888,0.45831,0.15915,0.022032,0.15762,-0.3,2.6367,0.08
0.07,0.13911,0.46171,0.159,0.022047,0.15746,-0.3,2.6367,0.08
0.0705,0.13934,0.46512,0.15885,0.022063,0.15731,-0.3,2.6367,0.08
0.071,0.13958,0.46853,0.1587,0.022079,0.15716,-0.3,2.6367,0.08
0.0715,0.13981,0.47195,0.15855,0.022095,0.157,-0.3,2.6367,0.08
0.072,0.14005,0.47537,0.1584,0.022111,0.15685,-0.3,2.6367,0.08
0.0725,0.14029,0.4788,0.15825,0.022127,0.1567,-0.3,2.6367,0.08
0.073,0.14053,0.48222,0.1581,0.022144,0.15654,-0.3,2.6367,0.08
0.0735,0.14077,0.48566,0.15795,0.022161,0.15639,-0.3,2.6367,0.08
0.074,0.14101,0.48909,0.1578,0.022178,0.15623,-0.3,2.6367,0.08
0.0745,0.14126,0.49253,0.15765,0.022195,0.15608,-0.3,2.6367,0.08
0.075,0.1415,0.49598,0.1575,0.022213,0.15593,-0.3,2.6367,0.08
0.0755,0.14175,0.49943,0.15735,0.02223,0.15577,-0.3,2.6367,0.08
0.076,0.142,0.50288,0.1572,0.022248,0.15562,-0.3,2.6367,0.08
0.0765,0.14226,0.50634,0.15705,0.022266,0.15546,-0.3,2.6367,0.08
0.077,0.14251,0.5098,0.1569,0.022284,0.15531,-0.3,2.6367,0.08
0.0775,0.14277,0.51327,0.15675,0.022303,0.15516,-0.3,2.6367,0.08
0.078,0.14302,0.51674,0.1566,0.022321,0.155,-0.3,2.6367,0.08
0.0785,0.14328,0.52022,0.15645,0.02234,0.15485,-0.3,2.6367,0.08
0.079,0.14354,0.5237,0.1563,0.022359,0.15469,-0.3,2.6367,0.08
0.0795,0.14381,0.52719,0.15615,0.022378,0.15454,-0.3,2.6367,0.08
0.08,0.14407,0.53068,0.156,0.022397,0.15438,-0.3,2.6367,0.08
0.0805,0.14434,0.53418,0.15585,0.022417,0.15423,-0.3,2.6367,0.08
0.081,0.1446,0.53768,0.1557,0.022437,0.15407,-0.3,2.6367,0.08
0.0815,0.14487,0.54118,0.15555,0.022456,0.15392,-0.3,2.6367,0.08
0.082,0.14515,0.5447,0.1554,0.022477,0.15377,-0.3,2.6367,0.08
0.0825,0.14542,0.54821,0.15525,0.022497,0.15361,-0.3,2.6367,0.08
0.083,0.14569,0.55173,0.1551,0.022517,0.15346,-0.3,2.6367,0.08
0.0835,0.14597,0.55526,0.15495,0.022538,0.1533,-0.3,2.6367,0.08
0.084,0.14625,0.55879,0.1548,0.022559,0.15315,-0.3,2.6367,0.08
0.0845,0.14653,0.56233,0.15465,0.02258,0.15299,-0.3,2.6367,0.08
0.085,0.14681,0.56587,0.1545,0.022601,0.15284,-0.3,2.6367,0.08
0.0855,0.1471,0.56942,0.15435,0.022622,0.15268,-0.3,2.6367,0.08
0.086,0.14738,0.57297,0.1542,0.022644,0.15253,-0.3,2.6367,0.08
0.0865,0.14767,0.57653,0.15405,0.022666,0.15237,-0.3,2.6367,0.08
0.087,0.14796,0.5801,0.1539,0.022688,0.15222,-0.3,2.6367,0.08
0.0875,0.14825,0.58367,0.15375,0.02271,0.15206,-0.3,2.6367,0.08
0.088,0.14854,0.58724,0.1536,0.022732,0.15191,-0.3,2.6367,0.08
0.0885,0.14884,0.59083,0.15345,0.022755,0.15175,-0.3,2.6367,0.08
0.089,0.14913,0.59441,0.1533,0.022777,0.1516,-0.3,2.6367,0.08
0.0895,0.14943,0.59801,0.15315,0.0228,0.15144,-0.3,2.6367,0.08
0.09,0.14973,0.60161,0.153,0.022823,0.15129,-0.3,2.6367,0.08
0.0905,0.15003,0.60521,0.15285,0.022846,0.15113,-0.3,2.6367,0.08
0.091,0.15034,0.60882,0.1527,0.02287,0.15098,-0.3,2.6367,0.08
0.0915,0.15064,0.61244,0.15255,0.022893,0.15082,-0.3,2.6367,0.08
0.092,0.15095,0.61607,0.1524,0.022917,0.15067,-0.3,2.6367,0.08
0.0925,0.15126,0.6197,0.15225,0.022941,0.15051,-0.3,2.6367,0.08
0.093,0.15157,0.62333,0.1521,0.022965,0.15036,-0.3,2.6367,0.08
0.0935,0.15188,0.62698,0.15195,0.02299,0.1502,-0.3,2.6367,0.08
0.094,0.15219,0.63063,0.1518,0.023014,0.15005,-0.3,2.6367,0.08
0.0945,0.15251,0.63428,0.15165,0.023039,0.14989,-0.3,2.6367,0.08
0.095,0.15283,0.63794,0.1515,0.023064,0.14973,-0.3,2.6367,0.08
0.0955,0.15315,0.64161,0.15135,0.023089,0.14958,-0.3,2.6367,0.08
0.096,0.15347,0.64529,0.1512,0.023114,0.14942,-0.3,2.6367,0.08
0.0965,0.15379,0.64897,0.15105,0.023139,0.14927,-0.3,2.6367,0.08
0.097,0.15412,0.65266,0.1509,0.023165,0.14911,-0.3,2.6367,0.08
0.0975,0.15445,0.65635,0.15075,0.02319,0.14896,-0.3,2.6367,0.08
0.098,0.15478,0.66006,0.1506,0.023216,0.1488,-0.3,2.6367,0.08
0.0985,0.15511,0.66377,0.15045,0.023242,0.14864,-0.3,2.6367,0.08
0.099,0.15544,0.66748,0.1503,0.023269,0.14849,-0.3,2.6367,0.08
0.0995,0.15577,0.67121,0.15015,0.023295,0.14833,-0.3,2.6367,0.08
0.1,0.15611,0.67494,0.15,0.023322,0.14818,-0.3,2.6367,0.08
0.1005,0.15645,0.67867,0.14985,0.023348,0.14802,-0.3,2.6367,0.08
0.101,0.15679,0.68242,0.1497,0.023375,0.14786,-0.3,2.6367,0.08
0.1015,0.15713,0.68617,0.14955,0.023402,0.14771,-0.3,2.6367,0.08
0.102,0.15748,0.68993,0.1494,0.02343,0.14755,-0.3,2.6367,0.08
0.1025,0.15782,0.6937,0.14925,0.023457,0.1474,-0.3,2.6367,0.08
0.103,0.15817,0.69747,0.1491,0.023485,0.14724,-0.3,2.6367,0.08
0.1035,0.15852,0.70126,0.14895,0.023513,0.14708,-0.3,2.6367,0.08
0.104,0.15887,0.70505,0.1488,0.023541,0.14693,-0.3,2.6367,0.08
0.1045,0.15922,0.70884,0.14865,0.023569,0.14677,-0.3,2.6367,0.08
0.105,0.15958,0.71265,0.1485,0.023597,0.14661,-0.3,2.6367,0.08
0.1055,0.15994,0.71646,0.14835,0.023626,0.14646,-0.3,2.6367,0.08
0.106,0.1603,0.72028,0.1482,0.023654,0.1463,-0.3,2.6367,0.08
0.1065,0.16066,0.72411,0.14805,0.023683,0.14614,-0.3,2.6367,0.08
0.107,0.16102,0.72795,0.1479,0.023712,0.14599,-0.3,2.6367,0.08
0.1075,0.16138,0.73179,0.14775,0.023741,0.14583,-0.3,2.6367,0.08
0.108,0.16175,0.73564,0.1476,0.023771,0.14567,-0.3,2.6367,0.08
0.1085,0.16212,0.7395,0.14745,0.0238,0.14552,-0.3,2.6367,0.08
0.109,0.16249,0.74337,0.1473,0.02383,0.14536,-0.3,2.6367,0.08
0.1095,0.16286,0.74725,0.14715,0.02386,0.1452,-0.3,2.6367,0.08
0.11,0.16324,0.75114,0.147,0.02389,0.14505,-0.3,2.6367,0.08
0.1105,0.16362,0.75503,0.14685,0.02392,0.14489,-0.3,2.6367,0.08
0.111,0.16399,0.75893,0.1467,0.02395,0.14473,-0.3,2.6367,0.08
0.1115,0.16437,0.76284,0.14655,0.023981,0.14457,-0.3,2.6367,0.08
0.112,0.16476,0.76676,0.1464,0.024011,0.14442,-0.3,2.6367,0.08
0.1125,0.16514,0.77069,0.14625,0.024042,0.14426,-0.3,2.6367,0.08
0.113,0.16553,0.77463,0.1461,0.024073,0.1441,-0.3,2.6367,0.08
0.1135,0.16592,0.77857,0.14595,0.024104,0.14395,-0.3,2.6367,0.08
0.114,0.16631,0.78253,0.1458,0.024136,0.14379,-0.3,2.6367,0.08
0.1145,0.1667,0.78649,0.14565,0.024167,0.14363,-0.3,2.6367,0.08
0.115,0.16709,0.79046,0.1455,0.024199,0.14347,-0.3,2.6367,0.08
0.1155,0.16749,0.79445,0.14535,0.024231,0.14332,-0.3,2.6367,0.08
0.116,0.16789,0.79844,0.1452,0.024263,0.14316,-0.3,2.6367,0.08
0.1165,0.16829,0.80244,0.14505,0.024295,0.143,-0.3,2.6367,0.08
0.117,0.16869,0.80644,0.1449,0.024327,0.14284,-0.3,2.6367,0.08
0.1175,0.16909,0.81046,0.14475,0.02436,0.14269,-0.3,2.6367,0.08
0.118,0.1695,0.81449,0.1446,0.024392,0.14253,-0.3,2.6367,0.08
0.1185,0.16991,0.81853,0.14445,0.024425,0.14237,-0.3,2.6367,0.08
0.119,0.17032,0.82257,0.1443,0.024458,0.14221,-0.3,2.6367,0.08
0.1195,0.17073,0.82663,0.14415,0.024491,0.14205,-0.3,2.6367,0.08
0.12,0.17114,0.8307,0.144,0.024525,0.1419,-0.3,2.6367,0.08
0.1205,0.17156,0.83477,0.14385,0.024558,0.14174,-0.3,2.6367,0.08
0.121,0.17198,0.83886,0.1437,0.024592,0.14158,-0.3,2.6367,0.08
0.1215,0.1724,0.84295,0.14355,0.024626,0.14142,-0.3,2.6367,0.08
0.122,0.17282,0.84706,0.1434,0.02466,0.14126,-0.3,2.6367,0.08
0.1225,0.17325,0.85117,0.14325,0.024694,0.14111,-0.3,2.6367,0.08
0.123,0.17367,0.8553,0.1431,0.024728,0.14095,-0.3,2.6367,0.08
0.1235,0.1741,0.85943,0.14295,0.024762,0.14079,-0.3,2.6367,0.08
0.124,0.17453,0.86358,0.1428,0.024797,0.14063,-0.3,2.6367,0.08
0.1245,0.17497,0.86773,0.14265,0.024832,0.14047,-0.3,2.6367,0.08
0.125,0.1754,0.8719,0.1425,0.024867,0.14031,-0.3,2.6367,0.08
0.1255,0.17584,0.87607,0.14235,0.024902,0.14016,-0.3,2.6367,0.08
0.126,0.17628,0.88026,0.1422,0.024937,0.14,-0.3,2.6367,0.08
0.1265,0.17672,0.88446,0.14205,0.024972,0.13984,-0.3,2.6367,0.08
0.127,0.17716,0.88867,0.1419,0.025008,0.13968,-0.3,2.6367,0.08
0.1275,0.17761,0.89288,0.14175,0.025044,0.13952,-0.3,2.6367,0.08
0.128,0.17805,0.89711,0.1416,0.025079,0.13936,-0.3,2.6367,0.08
0.1285,0.1785,0.90135,0.14145,0.025115,0.1392,-0.3,2.6367,0.08
0.129,0.17896,0.9056,0.1413,0.025152,0.13904,-0.3,2.6367,0.08
0.1295,0.17941,0.90987,0.14115,0.025188,0.13888,-0.3,2.6367,0.08
0.13,0.17987,0.91414,0.141,0.025225,0.13873,-0.3,2.6367,0.08
0.1305,0.18032,0.91842,0.14085,0.025261,0.13857,-0.3,2.6367,0.08
0.131,0.18078,0.92272,0.1407,0.025298,0.13841,-0.3,2.6367,0.08
0.1315,0.18125,0.92702,0.14055,0.025335,0.13825,-0.3,2.6367,0.08
0.132,0.18171,0.93134,0.1404,0.025372,0.13809,-0.3,2.6367,0.08
0.1325,0.18218,0.93567,0.14025,0.025409,0.13793,-0.3,2.6367,0.08
0.133,0.18265,0.94001,0.1401,0.025447,0.13777,-0.3,2.6367,0.08
0.1335,0.18312,0.94436,0.13995,0.025484,0.13761,-0.3,2.6367,0.08
0.134,0.18359,0.94873,0.1398,0.025522,0.13745,-0.3,2.6367,0.08
0.1345,0.18407,0.9531,0.13965,0.02556,0.13729,-0.3,2.6367,0.08
0.135,0.18454,0.95749,0.1395,0.025598,0.13713,-0.3,2.6367,0.08
0.1355,0.18502,0.96189,0.13935,0.025636,0.13697,-0.3,2.6367,0.08
0.136,0.18551,0.9663,0.1392,0.025675,0.13681,-0.3,2.6367,0.08
0.1365,0.18599,0.97072,0.13905,0.025713,0.13665,-0.3,2.6367,0.08
0.137,0.18648,0.97516,0.1389,0.025752,0.13649,-0.3,2.6367,0.08
0.1375,0.18697,0.9796,0.13875,0.025791,0.13633,-0.3,2.6367,0.08
0.138,0.18746,0.98406,0.1386,0.02583,0.13617,-0.3,2.6367,0.08
0.1385,0.18795,0.98853,0.13845,0.025869,0.13601,-0.3,2.6367,0.08
0.139,0.18844,0.99302,0.1383,0.025908,0.13585,-0.3,2.6367,0.08
0.1395,0.18894,0.99751,0.13815,0.025947,0.13569,-0.3,2.6367,0.08
0.14,0.18944,1.002,0.138,0.025987,0.13553,-0.3,2.6367,0.08
0.1405,0.18994,1.0065,0.13785,0.026027,0.13537,-0.3,2.6367,0.08
0.141,0.19045,1.0111,0.1377,0.026067,0.13521,-0.3,2.6367,0.08
0.1415,0.19096,1.0156,0.13755,0.026107,0.13505,-0.3,2.6367,0.08
0.142,0.19146,1.0202,0.1374,0.026147,0.13489,-0.3,2.6367,0.08
0.1425,0.19198,1.0248,0.13725,0.026187,0.13473,-0.3,2.6367,0.08
0.143,0.19249,1.0293,0.1371,0.026228,0.13457,-0.3,2.6367,0.08
0.1435,0.19301,1.0339,0.13695,0.026268,0.13441,-0.3,2.6367,0.08
0.144,0.19352,1.0386,0.1368,0.026309,0.13425,-0.3,2.6367,0.08
0.1445,0.19404,1.0432,0.13665,0.02635,0.13409,-0.3,2.6367,0.08
0.145,0.19457,1.0478,0.1365,0.026391,0.13392,-0.3,2.6367,0.08
0.1455,0.19509,1.0525,0.13635,0.026432,0.13376,-0.3,2.6367,0.08
0.146,0.19562,1.0571,0.1362,0.026474,0.1336,-0.3,2.6367,0.08
0.1465,0.19615,1.0618,0.13605,0.026515,0.13344,-0.3,2.6367,0.08
0.147,0.19668,1.0665,0.1359,0.026557,0.13328,-0.3,2.6367,0.08
0.1475,0.19722,1.0712,0.13575,0.026599,0.13312,-0.3,2.6367,0.08
0.148,0.19775,1.0759,0.1356,0.026641,0.13296,-0.3,2.6367,0.08
0.1485,0.19829,1.0807,0.13545,0.026683,0.1328,-0.3,2.6367,0.08
0.149,0.19883,1.0854,0.1353,0.026725,0.13263,-0.3,2.6367,0.08
0.1495,0.19938,1.0902,0.13515,0.026768,0.13247,-0.3,2.6367,0.08
0.15,0.19992,1.0949,0.135,0.02681,0.13231,-0.3,2.6367,0.08
0.1505,0.20047,1.0997,0.13485,0.026853,0.13215,-0.3,2.6367,0.08
0.151,0.20102,1.1045,0.1347,0.026896,0.13199,-0.3,2.6367,0.08
0.1515,0.20158,1.1094,0.13455,0.026939,0.13183,-0.3,2.6367,0.08
0.152,0.20213,1.1142,0.1344,0.026982,0.13166,-0.3,2.6367,0.08
0.1525,0.20269,1.119,0.13425,0.027025,0.1315,-0.3,2.6367,0.08
0.153,0.20325,1.1239,0.1341,0.027069,0.13134,-0.3,2.6367,0.08
0.1535,0.20381,1.1288,0.13395,0.027112,0.13118,-0.3,2.6367,0.08
0.154,0.20438,1.1337,0.1338,0.027156,0.13102,-0.3,2.6367,0.08
0.1545,0.20495,1.1386,0.13365,0.0272,0.13085,-0.3,2.6367,0.08
0.155,0.20552,1.1435,0.1335,0.027244,0.13069,-0.3,2.6367,0.08
0.1555,0.20609,1.1484,0.13335,0.027288,0.13053,-0.3,2.6367,0.08
0.156,0.20667,1.1534,0.1332,0.027332,0.13037,-0.3,2.6367,0.08
0.1565,0.20724,1.1583,0.13305,0.027377,0.1302,-0.3,2.6367,0.08
0.157,0.20782,1.1633,0.1329,0.027422,0.13004,-0.3,2.6367,0.08
0.1575,0.20841,1.1683,0.13275,0.027466,0.12988,-0.3,2.6367,0.08
0.158,0.20899,1.1733,0.1326,0.027511,0.12971,-0.3,2.6367,0.08
0.1585,0.20958,1.1784,0.13245,0.027556,0.12955,-0.3,2.6367,0.08
0.159,0.21017,1.1834,0.1323,0.027601,0.12939,-0.3,2.6367,0.08
0.1595,0.21076,1.1885,0.13215,0.027647,0.12923,-0.3,2.6367,0.08
0.16,0.21136,1.1935,0.132,0.027692,0.12906,-0.3,2.6367,0.08
0.1605,0.21196,1.1986,0.13185,0.027738,0.1289,-0.3,2.6367,0.08
0.161,0.21256,1.2037,0.1317,0.027784,0.12874,-0.3,2.6367,0.08
0.1615,0.21316,1.2089,0.13155,0.02783,0.12857,-0.3,2.6367,0.08
0.162,0.21377,1.214,0.1314,0.027876,0.12841,-0.3,2.6367,0.08
0.1625,0.21438,1.2192,0.13125,0.027922,0.12825,-0.3,2.6367,0.08
0.163,0.21499,1.2243,0.1311,0.027968,0.12808,-0.3,2.6367,0.08
0.1635,0.2156,1.2295,0.13095,0.028015,0.12792,-0.3,2.6367,0.08
0.164,0.21622,1.2347,0.1308,0.028061,0.12775,-0.3,2.6367,0.08
0.1645,0.21683,1.2399,0.13065,0.028108,0.12759,-0.3,2.6367,0.08
0.165,0.21746,1.2452,0.1305,0.028155,0.12743,-0.3,2.6367,0.08
0.1655,0.21808,1.2504,0.13035,0.028202,0.12726,-0.3,2.6367,0.08
0.166,0.21871,1.2557,0.1302,0.028249,0.1271,-0.3,2.6367,0.08
0.1665,0.21934,1.261,0.13005,0.028296,0.12693,-0.3,2.6367,0.08
0.167,0.21997,1.2663,0.1299,0.028344,0.12677,-0.3,2.6367,0.08
0.1675,0.2206,1.2716,0.12975,0.028392,0.12661,-0.3,2.6367,0.08
0.168,0.22124,1.277,0.1296,0.028439,0.12644,-0.3,2.6367,0.08
0.1685,0.22188,1.2823,0.12945,0.028487,0.12628,-0.3,2.6367,0.08
0.169,0.22252,1.2877,0.1293,0.028535,0.12611,-0.3,2.6367,0.08
0.1695,0.22317,1.2931,0.12915,0.028583,0.12595,-0.3,2.6367,0.08
0.17,0.22381,1.2985,0.129,0.028632,0.12578,-0.3,2.6367,0.08
0.1705,0.22447,1.3039,0.12885,0.02868,0.12562,-0.3,2.6367,0.08
0.171,0.22512,1.3094,0.1287,0.028729,0.12545,-0.3,2.6367,0.08
0.1715,0.22577,1.3148,0.12855,0.028777,0.12529,-0.3,2.6367,0.08
0.172,0.22643,1.3203,0.1284,0.028826,0.12512,-0.3,2.6367,0.08
0.1725,0.22709,1.3258,0.12825,0.028875,0.12496,-0.3,2.6367,0.08
0.173,0.22776,1.3313,0.1281,0.028924,0.12479,-0.3,2.6367,0.08
0.1735,0.22843,1.3369,0.12795,0.028974,0.12463,-0.3,2.6367,0.08
0.174,0.2291,1.3424,0.1278,0.029023,0.12446,-0.3,2.6367,0.08
0.1745,0.22977,1.348,0.12765,0.029073,0.1243,-0.3,2.6367,0.08
0.175,0.23044,1.3536,0.1275,0.029122,0.12413,-0.3,2.6367,0.08
0.1755,0.23112,1.3592,0.12735,0.029172,0.12396,-0.3,2.6367,0.08
0.176,0.2318,1.3648,0.1272,0.029222,0.1238,-0.3,2.6367,0.08
0.1765,0.23249,1.3705,0.12705,0.029272,0.12363,-0.3,2.6367,0.08
0.177,0.23317,1.3762,0.1269,0.029322,0.12347,-0.3,2.6367,0.08
0.1775,0.23386,1.3818,0.12675,0.029373,0.1233,-0.3,2.6367,0.08
0.178,0.23456,1.3876,0.1266,0.029423,0.12313,-0.3,2.6367,0.08
0.1785,0.23525,1.3933,0.12645,0.029474,0.12297,-0.3,2.6367,0.08
0.179,0.23595,1.399,0.1263,0.029525,0.1228,-0.3,2.6367,0.08
0.1795,0.23665,1.4048,0.12615,0.029576,0.12263,-0.3,2.6367,0.08
0.18,0.23735,1.4106,0.126,0.029627,0.12247,-0.3,2.6367,0.08
0.1805,0.23806,1.4164,0.12585,0.029678,0.1223,-0.3,2.6367,0.08
0.181,0.23877,1.4222,0.1257,0.029729,0.12213,-0.3,2.6367,0.08
0.1815,0.23948,1.4281,0.12555,0.02978,0.12197,-0.3,2.6367,0.08
0.182,0.2402,1.4339,0.1254,0.029832,0.1218,-0.3,2.6367,0.08
0.1825,0.24092,1.4398,0.12525,0.029884,0.12163,-0.3,2.6367,0.08
0.183,0.24164,1.4457,0.1251,0.029936,0.12147,-0.3,2.6367,0.08
0.1835,0.24236,1.4516,0.12495,0.029988,0.1213,-0.3,2.6367,0.08
0.184,0.24309,1.4576,0.1248,0.03004,0.12113,-0.3,2.6367,0.08
0.1845,0.24382,1.4635,0.12465,0.030092,0.12096,-0.3,2.6367,0.08
0.185,0.24455,1.4695,0.1245,0.030144,0.1208,-0.3,2.6367,0.08
0.1855,0.24529,1.4755,0.12435,0.030197,0.12063,-0.3,2.6367,0.08
0.186,0.24603,1.4816,0.1242,0.030249,0.12046,-0.3,2.6367,0.08
0.1865,0.24677,1.4876,0.12405,0.030302,0.12029,-0.3,2.6367,0.08
0.187,0.24752,1.4937,0.1239,0.030355,0.12012,-0.3,2.6367,0.08
0.1875,0.24826,1.4998,0.12375,0.030408,0.11996,-0.3,2.6367,0.08
0.188,0.24902,1.5059,0.1236,0.030461,0.11979,-0.3,2.6367,0.08
0.1885,0.24977,1.512,0.12345,0.030515,0.11962,-0.3,2.6367,0.08
0.189,0.25053,1.5182,0.1233,0.030568,0.11945,-0.3,2.6367,0.08
0.1895,0.25129,1.5244,0.12315,0.030622,0.11928,-0.3,2.6367,0.08
0.19,0.25205,1.5306,0.123,0.030675,0.11911,-0.3,2.6367,0.08
0.1905,0.25282,1.5368,0.12285,0.030729,0.11894,-0.3,2.6367,0.08
0.191,0.25359,1.543,0.1227,0.030783,0.11878,-0.3,2.6367,0.08
0.1915,0.25436,1.5493,0.12255,0.030837,0.11861,-0.3,2.6367,0.08
0.192,0.25514,1.5556,0.1224,0.030891,0.11844,-0.3,2.6367,0.08
0.1925,0.25592,1.5619,0.12225,0.030946,0.11827,-0.3,2.6367,0.08
0.193,0.2567,1.5682,0.1221,0.031,0.1181,-0.3,2.6367,0.08
0.1935,0.25749,1.5746,0.12195,0.031055,0.11793,-0.3,2.6367,0.08
0.194,0.25828,1.581,0.1218,0.031109,0.11776,-0.3,2.6367,0.08
0.1945,0.25907,1.5874,0.12165,0.031164,0.11759,-0.3,2.6367,0.08
0.195,0.25986,1.5938,0.1215,0.031219,0.11742,-0.3,2.6367,0.08
0.1955,0.26066,1.6003,0.12135,0.031274,0.11725,-0.3,2.6367,0.08
0.196,0.26146,1.6067,0.1212,0.031329,0.11708,-0.3,2.6367,0.08
0.1965,0.26227,1.6132,0.12105,0.031385,0.11691,-0.3,2.6367,0.08
0.197,0.26308,1.6198,0.1209,0.03144,0.11674,-0.3,2.6367,0.08
0.1975,0.26389,1.6263,0.12075,0.031496,0.11657,-0.3,2.6367,0.08
0.198,0.2647,1.6329,0.1206,0.031552,0.1164,-0.3,2.6367,0.08
0.1985,0.26552,1.6395,0.12045,0.031607,0.11623,-0.3,2.6367,0.08
0.199,0.26634,1.6461,0.1203,0.031663,0.11606,-0.3,2.6367,0.08
0.1995,0.26717,1.6527,0.12015,0.03172,0.11589,-0.3,2.6367,0.08
0.2,0.26799,1.6594,0.12,0.031776,0.11572,-0.3,2.6367,0.08
0.2005,0.26883,1.6661,0.11985,0.031832,0.11555,-0.3,2.6367,0.08
0.201,0.26966,1.6728,0.1197,0.031889,0.11537,-0.3,2.6367,0.08
0.2015,0.2705,1.6795,0.11955,0.031945,0.1152,-0.3,2.6367,0.08
0.202,0.27134,1.6863,0.1194,0.032002,0.11503,-0.3,2.6367,0.08
0.2025,0.27219,1.6931,0.11925,0.032059,0.11486,-0.3,2.6367,0.08
0.203,0.27303,1.6999,0.1191,0.032116,0.11469,-0.3,2.6367,0.08
0.2035,0.27388,1.7067,0.11895,0.032173,0.11452,-0.3,2.6367,0.08
0.204,0.27474,1.7136,0.1188,0.03223,0.11434,-0.3,2.6367,0.08
0.2045,0.2756,1.7204,0.11865,0.032287,0.11417,-0.3,2.6367,0.08
0.205,0.27646,1.7274,0.1185,0.032345,0.114,-0.3,2.6367,0.08
0.2055,0.27733,1.7343,0.11835,0.032402,0.11383,-0.3,2.6367,0.08
0.206,0.27819,1.7413,0.1182,0.03246,0.11366,-0.3,2.6367,0.08
0.2065,0.27907,1.7483,0.11805,0.032518,0.11348,-0.3,2.6367,0.08
0.207,0.27994,1.7553,0.1179,0.032576,0.11331,-0.3,2.6367,0.08
0.2075,0.28082,1.7623,0.11775,0.032634,0.11314,-0.3,2.6367,0.08
0.208,0.28171,1.7694,0.1176,0.032692,0.11296,-0.3,2.6367,0.08
0.2085,0.28259,1.7765,0.11745,0.03275,0.11279,-0.3,2.6367,0.08
0.209,0.28348,1.7836,0.1173,0.032809,0.11262,-0.3,2.6367,0.08
0.2095,0.28438,1.7907,0.11715,0.032867,0.11244,-0.3,2.6367,0.08
0.21,0.28527,1.7979,0.117,0.032926,0.11227,-0.3,2.6367,0.08
0.2105,0.28617,1.8051,0.11685,0.032985,0.1121,-0.3,2.6367,0.08
0.211,0.28708,1.8123,0.1167,0.033044,0.11192,-0.3,2.6367,0.08
0.2115,0.28799,1.8196,0.11655,0.033103,0.11175,-0.3,2.6367,0.08
0.212,0.2889,1.8269,0.1164,0.033162,0.11158,-0.3,2.6367,0.08
0.2125,0.28981,1.8342,0.11625,0.033221,0.1114,-0.3,2.6367,0.08
0.213,0.29073,1.8415,0.1161,0.03328,0.11123,-0.3,2.6367,0.08
0.2135,0.29165,1.8489,0.11595,0.03334,0.11105,-0.3,2.6367,0.08
0.214,0.29258,1.8563,0.1158,0.033399,0.11088,-0.3,2.6367,0.08
0.2145,0.29351,1.8637,0.11565,0.033459,0.1107,-0.3,2.6367,0.08
0.215,0.29444,1.8712,0.1155,0.033519,0.11053,-0.3,2.6367,0.08
0.2155,0.29538,1.8786,0.11535,0.033579,0.11035,-0.3,2.6367,0.08
0.216,0.29632,1.8861,0.1152,0.033639,0.11018,-0.3,2.6367,0.08
0.2165,0.29727,1.8937,0.11505,0.033699,0.11,-0.3,2.6367,0.08
0.217,0.29822,1.9012,0.1149,0.033759,0.10983,-0.3,2.6367,0.08
0.2175,0.29917,1.9088,0.11475,0.03382,0.10965,-0.3,2.6367,0.08
0.218,0.30013,1.9165,0.1146,0.03388,0.10948,-0.3,2.6367,0.08
0.2185,0.30109,1.9241,0.11445,0.033941,0.1093,-0.3,2.6367,0.08
0.219,0.30205,1.9318,0.1143,0.034002,0.10913,-0.3,2.6367,0.08
0.2195,0.30302,1.9395,0.11415,0.034063,0.10895,-0.3,2.6367,0.08
0.22,0.30399,1.9472,0.114,0.034123,0.10877,-0.3,2.6367,0.08
0.2205,0.30496,1.955,0.11385,0.034185,0.1086,-0.3,2.6367,0.08
0.221,0.30594,1.9628,0.1137,0.034246,0.10842,-0.3,2.6367,0.08
0.2215,0.30693,1.9706,0.11355,0.034307,0.10824,-0.3,2.6367,0.08
0.222,0.30791,1.9785,0.1134,0.034368,0.10807,-0.3,2.6367,0.08
0.2225,0.30891,1.9864,0.11325,0.03443,0.10789,-0.3,2.6367,0.08
0.223,0.3099,1.9943,0.1131,0.034491,0.10771,-0.3,2.6367,0.08
0.2235,0.3109,2.0023,0.11295,0.034553,0.10754,-0.3,2.6367,0.08
0.224,0.3119,2.0102,0.1128,0.034615,0.10736,-0.3,2.6367,0.08
0.2245,0.31291,2.0183,0.11265,0.034677,0.10718,-0.3,2.6367,0.08
0.225,0.31392,2.0263,0.1125,0.034739,0.107,-0.3,2.6367,0.08
0.2255,0.31494,2.0344,0.11235,0.034801,0.10682,-0.3,2.6367,0.08
0.226,0.31596,2.0425,0.1122,0.034863,0.10665,-0.3,2.6367,0.08
0.2265,0.31698,2.0506,0.11205,0.034926,0.10647,-0.3,2.6367,0.08
0.227,0.31801,2.0588,0.1119,0.034988,0.10629,-0.3,2.6367,0.08
0.2275,0.31904,2.067,0.11175,0.035051,0.10611,-0.3,2.6367,0.08
0.228,0.32007,2.0752,0.1116,0.035113,0.10593,-0.3,2.6367,0.08
0.2285,0.32111,2.0835,0.11145,0.035176,0.10575,-0.3,2.6367,0.08
0.229,0.32216,2.0918,0.1113,0.035239,0.10557,-0.3,2.6367,0.08
0.2295,0.32321,2.1001,0.11115,0.035302,0.10539,-0.3,2.6367,0.08
0.23,0.32426,2.1085,0.111,0.035365,0.10522,-0.3,2.6367,0.08
0.2305,0.32531,2.1169,0.11085,0.035428,0.10504,-0.3,2.6367,0.08
0.231,0.32637,2.1253,0.1107,0.035492,0.10486,-0.3,2.6367,0.08
0.2315,0.32744,2.1338,0.11055,0.035555,0.10468,-0.3,2.6367,0.08
0.232,0.32851,2.1423,0.1104,0.035618,0.1045,-0.3,2.6367,0.08
0.2325,0.32958,2.1508,0.11025,0.035682,0.10432,-0.3,2.6367,0.08
0.233,0.33066,2.1594,0.1101,0.035746,0.10414,-0.3,2.6367,0.08
0.2335,0.33174,2.168,0.10995,0.03581,0.10396,-0.3,2.6367,0.08
0.234,0.33283,2.1766,0.1098,0.035873,0.10377,-0.3,2.6367,0.08
0.2345,0.33392,2.1853,0.10965,0.035937,0.10359,-0.3,2.6367,0.08
0.235,0.33501,2.194,0.1095,0.036001,0.10341,-0.3,2.6367,0.08
0.2355,0.33611,2.2027,0.10935,0.036066,0.10323,-0.3,2.6367,0.08
0.236,0.33721,2.2115,0.1092,0.03613,0.10305,-0.3,2.6367,0.08
0.2365,0.33832,2.2203,0.10905,0.036194,0.10287,-0.3,2.6367,0.08
0.237,0.33943,2.2291,0.1089,0.036259,0.10269,-0.3,2.6367,0.08
0.2375,0.34055,2.238,0.10875,0.036323,0.1025,-0.3,2.6367,0.08
0.238,0.34167,2.2469,0.1086,0.036388,0.10232,-0.3,2.6367,0.08
0.2385,0.3428,2.2558,0.10845,0.036453,0.10214,-0.3,2.6367,0.08
0.239,0.34393,2.2648,0.1083,0.036517,0.10196,-0.3,2.6367,0.08
0.2395,0.34506,2.2738,0.10815,0.036582,0.10177,-0.3,2.6367,0.08
0.24,0.3462,2.2829,0.108,0.036647,0.10159,-0.3,2.6367,0.08
0.2405,0.34735,2.292,0.10785,0.036713,0.10141,-0.3,2.6367,0.08
0.241,0.34849,2.3011,0.1077,0.036778,0.10123,-0.3,2.6367,0.08
0.2415,0.34965,2.3103,0.10755,0.036843,0.10104,-0.3,2.6367,0.08
0.242,0.3508,2.3195,0.1074,0.036908,0.10086,-0.3,2.6367,0.08
0.2425,0.35197,2.3287,0.10725,0.036974,0.10068,-0.3,2.6367,0.08
0.243,0.35313,2.338,0.1071,0.037039,0.10049,-0.3,2.6367,0.08
0.2435,0.3543,2.3473,0.10695,0.037105,0.10031,-0.3,2.6367,0.08
0.244,0.35548,2.3566,0.1068,0.037171,0.10012,-0.3,2.6367,0.08
0.2445,0.35666,2.366,0.10665,0.037237,0.099938,-0.3,2.6367,0.08
0.245,0.35785,2.3754,0.1065,0.037302,0.099754,-0.3,2.6367,0.08
0.2455,0.35904,2.3849,0.10635,0.037368,0.099569,-0.3,2.6367,0.08
0.246,0.36023,2.3944,0.1062,0.037435,0.099384,-0.3,2.6367,0.08
0.2465,0.36143,2.4039,0.10605,0.037501,0.099198,-0.3,2.6367,0.08
0.247,0.36264,2.4135,0.1059,0.037567,0.099013,-0.3,2.6367,0.08
0.2475,0.36384,2.4231,0.10575,0.037633,0.098827,-0.3,2.6367,0.08
0.248,0.36506,2.4327,0.1056,0.0377,0.098641,-0.3,2.6367,0.08
0.2485,0.36628,2.4424,0.10545,0.037766,0.098455,-0.3,2.6367,0.08
0.249,0.3675,2.4522,0.1053,0.037833,0.098269,-0.3,2.6367,0.08
0.2495,0.36873,2.4619,0.10515,0.037899,0.098082,-0.3,2.6367,0.08
0.25,0.36996,2.4717,0.105,0.037966,0.097896,-0.3,2.6367,0.08
0.2505,0.3712,2.4816,0.10485,0.038033,0.097709,-0.3,2.6367,0.08
0.251,0.37244,2.4915,0.1047,0.0381,0.097522,-0.3,2.6367,0.08
0.2515,0.37369,2.5014,0.10455,0.038167,0.097335,-0.3,2.6367,0.08
0.252,0.37495,2.5114,0.1044,0.038234,0.097147,-0.3,2.6367,0.08
0.2525,0.3762,2.5214,0.10425,0.038301,0.096959,-0.3,2.6367,0.08
0.253,0.37747,2.5314,0.1041,0.038368,0.096771,-0.3,2.6367,0.08
0.2535,0.37874,2.5415,0.10395,0.038435,0.096583,-0.3,2.6367,0.08
0.254,0.38001,2.5517,0.1038,0.038502,0.096395,-0.3,2.6367,0.08
0.2545,0.38129,2.5618,0.10365,0.03857,0.096207,-0.3,2.6367,0.08
0.255,0.38257,2.5721,0.1035,0.038637,0.096018,-0.3,2.6367,0.08
0.2555,0.38386,2.5823,0.10335,0.038705,0.095829,-0.3,2.6367,0.08
0.256,0.38515,2.5926,0.1032,0.038772,0.09564,-0.3,2.6367,0.08
0.2565,0.38645,2.603,0.10305,0.03884,0.09545,-0.3,2.6367,0.08
0.257,0.38776,2.6133,0.1029,0.038908,0.095261,-0.3,2.6367,0.08
0.2575,0.38907,2.6238,0.10275,0.038976,0.095071,-0.3,2.6367,0.08
0.258,0.39038,2.6342,0.1026,0.039043,0.094881,-0.3,2.6367,0.08
0.2585,0.3917,2.6447,0.10245,0.039111,0.094691,-0.3,2.6367,0.08
0.259,0.39302,2.6553,0.1023,0.039179,0.0945,-0.3,2.6367,0.08
0.2595,0.39436,2.6659,0.10215,0.039247,0.094309,-0.3,2.6367,0.08
0.26,0.39569,2.6765,0.102,0.039315,0.094119,-0.3,2.6367,0.08
0.2605,0.39703,2.6872,0.10185,0.039384,0.093927,-0.3,2.6367,0.08
0.261,0.39838,2.698,0.1017,0.039452,0.093736,-0.3,2.6367,0.08
0.2615,0.39973,2.7087,0.10155,0.03952,0.093544,-0.3,2.6367,0.08
0.262,0.40109,2.7195,0.1014,0.039588,0.093353,-0.3,2.6367,0.08
0.2625,0.40245,2.7304,0.10125,0.039657,0.093161,-0.3,2.6367,0.08
0.263,0.40382,2.7413,0.1011,0.039725,0.092968,-0.3,2.6367,0.08
0.2635,0.40519,2.7523,0.10095,0.039794,0.092776,-0.3,2.6367,0.08
0.264,0.40657,2.7633,0.1008,0.039862,0.092583,-0.3,2.6367,0.08
0.2645,0.40795,2.7743,0.10065,0.039931,0.09239,-0.3,2.6367,0.08
0.265,0.40934,2.7854,0.1005,0.04,0.092197,-0.3,2.6367,0.08
0.2655,0.41074,2.7965,0.10035,0.040068,0.092003,-0.3,2.6367,0.08
0.266,0.41214,2.8077,0.1002,0.040137,0.09181,-0.3,2.6367,0.08
0.2665,0.41355,2.8189,0.10005,0.040206,0.091616,-0.3,2.6367,0.08
0.267,0.41496,2.8302,0.0999,0.040275,0.091422,-0.3,2.6367,0.08
0.2675,0.41638,2.8415,0.09975,0.040344,0.091227,-0.3,2.6367,0.08
0.268,0.4178,2.8529,0.0996,0.040413,0.091033,-0.3,2.6367,0.08
0.2685,0.41923,2.8643,0.09945,0.040482,0.090838,-0.3,2.6367,0.08
0.269,0.42066,2.8758,0.0993,0.040551,0.090643,-0.3,2.6367,0.08
0.2695,0.42211,2.8873,0.09915,0.04062,0.090447,-0.3,2.6367,0.08
0.27,0.42355,2.8988,0.099,0.040689,0.090252,-0.3,2.6367,0.08
0.2705,0.425,2.9104,0.09885,0.040758,0.090056,-0.3,2.6367,0.08
0.271,0.42646,2.9221,0.0987,0.040828,0.08986,-0.3,2.6367,0.08
0.2715,0.42793,2.9338,0.09855,0.040897,0.089664,-0.3,2.6367,0.08
0.272,0.4294,2.9455,0.0984,0.040966,0.089467,-0.3,2.6367,0.08
0.2725,0.43087,2.9573,0.09825,0.041035,0.08927,-0.3,2.6367,0.08
0.273,0.43235,2.9692,0.0981,0.041105,0.089073,-0.3,2.6367,0.08
0.2735,0.43384,2.9811,0.09795,0.041174,0.088876,-0.3,2.6367,0.08
0.274,0.43533,2.993,0.0978,0.041244,0.088678,-0.3,2.6367,0.08
0.2745,0.43683,3.005,0.09765,0.041313,0.08848,-0.3,2.6367,0.08
0.275,0.43834,3.017,0.0975,0.041383,0.088282,-0.3,2.6367,0.08
0.2755,0.43985,3.0291,0.09735,0.041452,0.088084,-0.3,2.6367,0.08
0.276,0.44137,3.0413,0.0972,0.041522,0.087885,-0.3,2.6367,0.08
0.2765,0.44289,3.0535,0.09705,0.041591,0.087686,-0.3,2.6367,0.08
0.277,0.44442,3.0657,0.0969,0.041661,0.087487,-0.3,2.6367,0.08
0.2775,0.44596,3.078,0.09675,0.04173,0.087288,-0.3,2.6367,0.08
0.278,0.4475,3.0904,0.0966,0.0418,0.087088,-0.3,2.6367,0.08
0.2785,0.44905,3.1028,0.09645,0.04187,0.086888,-0.3,2.6367,0.08
0.279,0.4506,3.1152,0.0963,0.041939,0.086688,-0.3,2.6367,0.08
0.2795,0.45216,3.1277,0.09615,0.042009,0.086487,-0.3,2.6367,0.08
0.28,0.45373,3.1403,0.096,0.042079,0.086287,-0.3,2.6367,0.08
0.2805,0.4553,3.1529,0.09585,0.042149,0.086086,-0.3,2.6367,0.08
0.281,0.45688,3.1655,0.0957,0.042218,0.085884,-0.3,2.6367,0.08
0.2815,0.45847,3.1783,0.09555,0.042288,0.085683,-0.3,2.6367,0.08
0.282,0.46006,3.191,0.0954,0.042358,0.085481,-0.3,2.6367,0.08
0.2825,0.46166,3.2039,0.09525,0.042428,0.085279,-0.3,2.6367,0.08
0.283,0.46327,3.2167,0.0951,0.042498,0.085076,-0.3,2.6367,0.08
0.2835,0.46488,3.2297,0.09495,0.042567,0.084874,-0.3,2.6367,0.08
0.284,0.4665,3.2426,0.0948,0.042637,0.084671,-0.3,2.6367,0.08
0.2845,0.46812,3.2557,0.09465,0.042707,0.084467,-0.3,2.6367,0.08
0.285,0.46975,3.2688,0.0945,0.042777,0.084264,-0.3,2.6367,0.08
0.2855,0.47139,3.2819,0.09435,0.042847,0.08406,-0.3,2.6367,0.08
0.286,0.47303,3.2951,0.0942,0.042916,0.083856,-0.3,2.6367,0.08
0.2865,0.47468,3.3084,0.09405,0.042986,0.083652,-0.3,2.6367,0.08
0.287,0.47634,3.3217,0.0939,0.043056,0.083447,-0.3,2.6367,0.08
0.2875,0.47801,3.335,0.09375,0.043126,0.083242,-0.3,2.6367,0.08
0.288,0.47968,3.3485,0.0936,0.043196,0.083037,-0.3,2.6367,0.08
0.2885,0.48135,3.3619,0.09345,0.043265,0.082831,-0.3,2.6367,0.08
0.289,0.48304,3.3755,0.0933,0.043335,0.082625,-0.3,2.6367,0.08
0.2895,0.48473,3.3891,0.09315,0.043405,0.082419,-0.3,2.6367,0.08
0.29,0.48643,3.4027,0.093,0.043475,0.082213,-0.3,2.6367,0.08
0.2905,0.48813,3.4164,0.09285,0.043545,0.082006,-0.3,2.6367,0.08
0.291,0.48984,3.4302,0.0927,0.043614,0.081799,-0.3,2.6367,0.08
0.2915,0.49156,3.444,0.09255,0.043684,0.081592,-0.3,2.6367,0.08
0.292,0.49329,3.4579,0.0924,0.043754,0.081384,-0.3,2.6367,0.08
0.2925,0.49502,3.4718,0.09225,0.043823,0.081176,-0.3,2.6367,0.08
0.293,0.49676,3.4858,0.0921,0.043893,0.080968,-0.3,2.6367,0.08
0.2935,0.49851,3.4999,0.09195,0.043963,0.080759,-0.3,2.6367,0.08
0.294,0.50026,3.514,0.0918,0.044032,0.080551,-0.3,2.6367,0.08
0.2945,0.50202,3.5282,0.09165,0.044102,0.080341,-0.3,2.6367,0.08
0.295,0.50379,3.5424,0.0915,0.044171,0.080132,-0.3,2.6367,0.08
0.29531,0.50491,3.5514,0.091406,0.044215,0.08,-0.3,2.6367,0.08
